eia_id,plant_name,offtake_type,counterparty,counterparty_ig,contract_start,contract_end,share_contracted,source_url,source_date,confidence,notes,verified_by,verified_on
63255,2W Permian Solar Project Hybrid,ppa,ExxonMobil,yes,2021,2033,0.6,https://www.nsenergybusiness.com/projects/permian-energy-centre/,2021-05,medium,"Alias Permian Energy Center (Orsted). 12-year PPA signed Nov 2018 for 500 MW wind+solar, 250 MW from Permian Energy Center; end = COD 2021 + 12 (computed). Share = 250/420 MWac.",,
62561,"Roadrunner, LLC Hybrid",ppa,Mondelez International,yes,2020,2032,0.16,https://renewablesnow.com/news/enel-signs-65-mw-solar-ppa-in-us-with-food-co-mondelez-659638/,2019-06-27,medium,"Enel Roadrunner (497 MWdc, two phases 2019-2020). Only public contract: 12-year PPA for 65 MW; end computed from COD. Rest of output: no public contract found (possibly merchant or undisclosed).",,
63328,Juno Solar Project,ppa,Lower Colorado River Authority (LCRA),yes,2021,,0.46,https://www.pv-tech.org/sb-energy-and-mitsui-unit-sign-ppa-for-418mwp-texas-project/,2021-08-30,medium,SB Energy (SoftBank) Juno. Long-term PPAs with LCRA (141 MW per LCRA renewables page) and Mitsui & Co. Energy Marketing and Services (MW not published). Terms reported only as 10-15 years; end unknown.,,
62755,Prospero Solar,ppa,Shell Energy North America,yes,2020,2032,,https://www.longroadenergy.com/longroad-energy-partners-with-facebook-to-complete-financing-for-379-mw-prospero-solar-in-andrews-county-texas/,2019,medium,Prospero 1 (Longroad + AIP). 12-year physical PPA with Shell Energy NA; Facebook (Meta) participates in the structure (takes the renewable attributes). End = COD + 12 (computed).,,
65271,Noble Solar,ppa,The Home Depot,yes,2022,,0.36,https://geronimopower.com/press-release/noble-project-texas/,2021-04,medium,"National Grid Renewables (now Geronimo Power) Noble. Three PPAs: Home Depot 100 MW, NRG 100 MW, Hershey 50 MW (250 of 275 MW contracted). Terms not published.",,
63320,Titan Solar Project,ppa,Unnamed company,unknown,2021,,,https://www.pv-tech.org/sb-energy-to-acquire-over-1-7gw-pv-portfolio-from-intersect-power/,2019-10,low,SB Energy Titan (from Intersect Power). Described only as one unnamed company with a long-term PPA.,,
62483,Taygete Energy Project LLC,ppa,Nestle USA,yes,2021,2036,1.0,https://www.nestleusa.com/media/pressreleases/nestle-taygete-solar,2020-12,medium,"Taygete I (7X Energy), 250 MWac. Nestle is sole tax equity investor and buys 100% of renewable attributes (~750 GWh/yr) for 15 years (virtual structure). End = 2021 + 15 (computed). Earlier 7X 'SolarBlocks' fixed-shape deals with two corporates may also apply.",,
62804,Greasewood Solar,ppa,City of Garland / New Braunfels Utilities / Kerrville PUB,yes,2021,,0.59,https://cleanview.co/power-projects/operating/solar-farms/texas/62804/greasewood-solar,2026-10,medium,Owner Copenhagen Infrastructure Partners (developer OnPeak Power). 150 MW under long-term contracts with three public power utilities; split and term not published (some secondary sources say 15 years - unverified). Remaining ~105 MW likely merchant.,,
63883,Samson Solar Energy III LLC,ppa,Samson portfolio offtakers (AT&T / Honda / McDonald's / Google / municipals),unknown,2022,,,https://www.pv-tech.org/att-signs-virtual-power-purchase-agreements-for-155mw-of-us-solar/,2020-11,low,"Invenergy Samson complex (1,310 MW, five phases) is contracted to AT&T 500 MW, Honda 200, McDonald's 160, Google 100, Home Depot 50, Bryan, Denton, Garland, Texas A&M. Allocation to phase III not published; Samson I (EIA 63211) is AT&T. Interconnection.fyi lists WEC as owner of III (possibly conflated with Samson I).",,
65631,"Pisgah Ridge Solar, LLC",ppa,Charles River Laboratories,unknown,2023,2038,0.41,https://www.powermag.com/duke-energy-group-brings-texas-solar-farm-online/,2023-03,medium,"Deriva Energy (ex-Duke Energy Sustainable Solutions). Three 15-year VPPAs >90% of output: Charles River 102 MW, Meijer 83 MW, one unnamed. End = COD 2023 + 15 (computed). Charles River rating not confirmed.",,
64325,Prospero Solar II,ppa,DaVita / Zimmer Biomet,unknown,2021,2036,,https://www.longroadenergy.com/longroad-energy-completes-financing-of-331-mwdc-prospero-2-solar-project/,2020-08-26,medium,Longroad Prospero 2. Two 15-year PPAs (DaVita and a Zimmer Biomet subsidiary); MW split not published. End = COD 2021 + 15 (computed). Zimmer Biomet is IG; DaVita is not.,,
63211,Samson Solar Energy,ppa,AT&T,yes,2022-05,2037,1.0,https://www.saurenergy.com/solar-energy-news/wec-energy-to-acquire-80-stake-in-250-mw-texas-solar-project,2023-01,high,Samson I (Invenergy; WEC Infrastructure bought 80% in 2023). Offtake agreement for all energy for 15 years from COD May 2022 (WEC 10-K); counterparty AT&T.,,
61346,RE Maplewood,ppa,Anheuser-Busch (AB InBev),yes,2021,2036,0.89,https://www.nsenergybusiness.com/projects/maplewood-solar-project/,2020,medium,Maplewood 1+2 (Recurrent Energy; sold to a US life insurer; operator now Onward Energy; ERCOT REDBARN). Maplewood 1: 222 MWac 15-yr PPA with Anheuser-Busch; Maplewood 2: 28 MW 15-yr PPA with Energy Transfer (IG). End computed from COD.,,
61906,Phoebe Solar,ppa,Shell Energy North America,yes,2019-11,2031,0.89,https://files.innergex.com/files/documents/2019/11/INE_COD_PHOEBE_EN.pdf,2019-11,medium,Innergex (49.9% sold 2024; Innergex acquired by CDPQ 2025). 89% of output at fixed price under a 12-year agreement with Shell Energy NA (often described as a fixed-price hedge). End computed.,,
65303,Sun Valley Solar Project,ppa,Procter & Gamble,yes,2022,,0.8,https://www.engie-na.com/pg-and-engie-collaborate-on-new-renewable-energy-project-in-hill-county-texas/,2021,medium,ENGIE Sun Valley (some databases list Capital Power). 200 MW PPA with P&G; term not found.,,
62249,Misae Solar,ppa,Shell Energy North America,yes,2021,,,https://pv-magazine-usa.com/2018/08/31/europeans-break-ground-in-texas-and-utah-on-300-mw-of-solar-power/,2018-08,medium,Misae I (CIP; IKEA bought 49%). Output sold to Shell Energy NA under a PPA from 2021 (described as structured shaped hedge); Shell resold part to Cargill/Ardent Mills (5-yr). Term not found.,,
62945,Fighting Jays Solar Project,hedge,Shell Energy North America,yes,2022,,,https://www.saurenergy.com/solar-energy-news/cip-acquires-350-mw-solar-project-in-texas-shell-to-purchase-power,2020-07,medium,Fighting Jays (CIP + AP Solar). Long-term hedge agreement (Jul 2020) under which Shell buys physical power. Term and share not published.,,
62845,ENGIE Long Draw Solar LLC,ppa,"New Braunfels Utilities (+ Denton, Garland, Kerrville)",yes,2020-12,2035,1.0,https://www.kpub.com/kpub-brings-new-west-texas-solar-project-online-in-partnership-with-three-other-public-power-utilities/,2020-12-16,high,"ENGIE Long Draw. 15-year PPAs: NBU 100 MW, Denton 75, Garland 25, KPUB 25 (= 225 MW). End = 2020 + 15 (computed).",,
66046,Brazoria County Solar Project (Danciger),unknown,,unknown,,,,https://cleanview.co/power-projects/operating/solar-farms/texas/66046/brazoria-county-solar-project-danciger,2026-10,low,"Alias Golden Buckle Solar / Brazoria County Solar (Danciger); developer Savion (GIG/Macquarie). Searched Savion, Shikun & Binui, owner and PPA terms: no offtaker found. Savion's separate Golden Buckle/Target 160 MW VPPA may relate but not confirmed for this EIA plant.",,
62141,Rambler,ppa,Unnamed company,unknown,2020-06,2035,,https://news.duke-energy.com/releases/duke-energy-renewables-brings-another-200-mwac-solar-plant-online-in-texas,2020-07,medium,"Deriva (ex-Duke) Rambler, bought from Recurrent 2019. 15-year PPA with an undisclosed customer. End computed.",,
61962,Holstein 1 Solar Farm,hedge,J. Aron & Company (Goldman Sachs),yes,2020-06,2032,,https://www.utilitydive.com/news/duke-energy-renewables-acquires-200-mw-texas-solar-project-largest-in-its/559399/,2019-06,medium,"Deriva (ex-Duke) Holstein, from 8minute. 'Much of the energy' sold via 12-year hedge with J. Aron. End computed.",,
65333,Shakes Solar,ppa,Axpo U.S.,unknown,2022,,,https://www.axpo.com/us/en/about-us/media-and-politics/media-releases.detail.html/media-releases/2021/axpo-us-executes-ppa-with-cypress-creek-on-270mw-texas-solar-pro.html,2021,medium,Cypress Creek Shakes (ERCOT MCLNSLR). Axpo buys energy + RECs; term not published. Axpo resold 185 GWh/yr to Danfoss through 2032 (hint at end >= 2032).,,
64026,"ANSON Solar Center, LLC",ppa,Microsoft,yes,2021,,0.43,https://www.powermag.com/engie-microsoft-seal-innovative-firm-power-ppa-for-230-mw-wind-and-solar-in-texas/,2020,medium,ENGIE Anson 1. Microsoft 85 MW of 200 MW under PPA with volume firming agreement; term not published. Rest of output not found.,,
64447,Brazoria West,ppa,Unnamed C&I buyer + unnamed energy trading company,unknown,2022,,,https://www.shikunusa.com/blog/shikun-binui-energy-finishes-construction-and-closes-on-debt-and-tax-equity-financing,2022-12-15,low,"Brazoria West (Westoria; Savion -> Shikun & Binui USA). One C&I PPA and one PPA with an energy trading company; names, shares, terms not published.",,
64538,Corazon Energy LLC,ppa,Direct Energy (now NRG),no,2021,,,https://nadbank.org/our-projects/financed-projects/proyect/baywa-corazon-solar-project-in-webb-county-texas,2020,medium,Corazon I (BayWa r.e. -> Eni New Energy US). Long-term PPA with Direct Energy; rest sold in wholesale market. NRG issuer rating BB+ (secured debt IG).,,
63222,Impact Solar 1,ppa,bp (Integrated Supply & Trading),yes,2020-12,,,https://lightsourcebp.com/news/lightsource-bp-completes-financing-on-260mw-solar-project-in-texas/,2020-03-19,medium,Lightsource bp Impact (260 MWdc). Most energy traded through a long-term agreement with bp IST (affiliate offtake). Term not published.,,
63329,Aragorn Solar Project,ppa,Austin Energy,yes,2021-12,,,https://www.pv-tech.org/sb-energy-to-acquire-over-1-7gw-pv-portfolio-from-intersect-power/,2019-10,medium,SB Energy Aragorn (from Intersect Power). Austin Energy signed long-term PPA; term not published.,,
61368,Midway Solar - TX,ppa,Austin Energy,yes,2018-12,2043,1.0,https://www.mysanantonio.com/business/eagle-ford-energy/article/California-solar-company-to-build-largest-solar-12515954.php,2018-01,medium,174 Power Global (Hanwha) Midway (ERCOT WAYMARK). 25-year contract with Austin Energy signed 2015. End computed. Share assumed full (contract described for plant output).,,
60123,Castle Gap Solar Hybrid,utility_owned,Vistra (Luminant / TXU Energy),unknown,,,,https://investor.vistracorp.com/2018-06-01-Upton-2-Solar-Power-Plant-Achieves-Commercial-Operation,2018-06-01,medium,Castle Gap = Vistra's Upton 2 (180 MW + 10 MW BESS). Owned by integrated generator-retailer Vistra and used to supply its own retail book; not a regulated utility (treat as self-supply). Vistra issuer rating not confirmed IG.,,
59994,RE Roserock,ppa,Austin Energy,yes,2016-11,2036,1.0,https://www.southerncompany.com/newsroom/clean-energy/2015-11-30-spc-roserock.html,2015-11-30,high,Southern Power 51% (Recurrent minority). 20-year PPA with Austin Energy for energy + RECs. End = COD + 20.,,
60044,Buckthorn Westex,ppa,City of Georgetown,yes,2018-07,2043,1.0,https://www.sec.gov/Archives/edgar/data/1567683/000162828026010952/cwen-20251231.htm,2026-02,high,"Clearway Energy Buckthorn Solar. 25-year PPA with City of Georgetown, PPA expiration 2043 per Clearway FY2025 10-K. Georgetown sued in 2019 to exit; contract still listed.",,
60581,Upton County Solar,ppa,Austin Energy,yes,2017-12,2042,1.0,https://cleanview.co/power-projects/operating/solar-farms/texas/60581/upton-county-solar,2026-10,medium,Con Edison Development -> RWE Clean Energy (2023). 25-year PPA with Austin Energy for 150 MW (secondary database source). End computed.,,
62933,Oberon IA,hedge,J.P. Morgan,yes,2020-07,2028,,https://www.pv-tech.org/174-power-global-bags-us210m-in-funding-for-utility-scale-solar-project-in/,2019-09-12,medium,174 Power Global / TotalEnergies Oberon (150 MW phase). Eight-year solar hedge from J.P. Morgan for a share of output. End computed.,,
63519,Crane Solar Project,ppa,Vistra (subsidiary),unknown,2020-07,2032,1.0,https://www.lotusinfrastructure.com/news/lotus-acquires-contracted-renewable-portfolio-from-consolidated-edison/,2021-06-30,medium,"Crane Solar (Con Edison Development -> Lotus/Starwood 2021). Fully contracted energy + RECs to a Vistra subsidiary, ~11 years remaining at Jun 2021 -> ~2032 (computed).",,
63892,Lily Solar Hybrid,unknown,,unknown,,,,https://www.enelgreenpower.com/our-projects/operating/lily-solar-storage-plant,2021-12,low,Enel Lily solar + storage. Searched Enel releases and trade press: no offtaker named.,,
57659,East Blackland Solar Project 1,ppa,Austin Energy,yes,2021-07,2036,1.0,https://en.wikipedia.org/wiki/East_Blackland_Solar_Project,2026-10,medium,Deriva (ex-Duke) East Blackland (Recurrent). 15-year PPA with Austin Energy. End computed.,,
65661,Nebula Solar,ppa,Constellation NewEnergy,yes,2022,2032,,https://www.constellationenergy.com/news/2020/constellation-signs-108-mw-solar-agreement-to-supply-aggregation.html,2020,medium,"Rayos del Sol (174 Power Global / TotalEnergies 50/50). Constellation buys power + RECs from 108 MW for 10 years from 2022 (aggregated for Kimberly-Clark, HPE, Manheim). Mapping of the 108 MW to Nebula vs Vancourt assumed (Nebula = main phase).",,
63764,Elm Branch Solar 1,ppa,L3Harris Technologies,yes,2021-12,,0.74,https://www.pv-tech.org/lightsource-bp-completes-financing-for-316mw-of-solar-in-texas/,2021-02,medium,Lightsource bp Elm Branch (ERCOT STRATEGC). VPPA for up to 100 MW; term not published.,,
64204,Elara Solar,hedge,Morgan Stanley Capital Group,yes,2021-12,,0.76,https://www.nacleanenergy.com/solar/7x-energy-sells-130-mwac-elara-solar-to-komipo-america-inc,2021,high,7X Energy -> KOMIPO America. 100 MW long-term hedge with Morgan Stanley; 30 MW PPA with EDF Energy Services. Terms not published.,,
63769,Briar Creek Solar 1,hedge,Allianz Global Corporate & Specialty (with Nephila Climate),yes,2021-12,,,https://solarbuildermag.com/projects/lightsoure-bp-secures-innovative-proxy-generation-ppa-for-153-mw-briar-creek-solar-farm/,2021-01-13,medium,"Lightsource bp Briar Creek (ERCOT VISION). Proxy-generation PPA (settles on proxy output index, financial). Term not published.",,
62772,Coniglio Solar,unknown,,unknown,,,,https://us.qcells.com/blog/operations-have-commenced-at-its-coniglio-solar-project-located-in-fannin-county-texas-and-interconnecting-in-the-north-ercot-load-zone/,2021-09,low,Qcells Coniglio (BT Coniglio). Tenaska is tax equity and QSE; no offtaker named in any release found.,,
63273,Wagyu,hedge,bp,yes,2020,2032,0.6,https://pv-magazine-usa.com/2019/10/17/another-hedged-solar-project-moves-forward-in-texas/,2019-10-17,high,Cubico Wagyu (from Cypress Creek). 12-year physical hedge with BP for 60%; 15-year PPA with Starbucks for 40% (to ~2035). End computed.,,
60436,East Pecos Solar,ppa,Austin Energy,yes,2017-04,2032,1.0,https://southerncompany.mediaroom.com/2017-04-05-Southern-Company-subsidiarys-East-Pecos-Solar-Facility-in-Texas-begins-commercial-operation,2017-04-05,high,Southern Power East Pecos (ERCOT BOOTLEG). 15-year PPA with Austin Energy. End computed.,,
63351,Bluebell Solar II,ppa,Denton Municipal Electric,yes,2020,2035,0.87,https://www.sierraclub.org/texas/blog/2018/05/denton-approves-huge-solar-plant,2018-05,medium,NextEra Bluebell II. 15-year PPA for 100 MW with Denton (term from secondary database). End computed.,,
66310,Cutlass Solar 1 LLC,merchant,,,,,,https://www.prnewswire.com/news-releases/advanced-power-achieves-financial-close-of-140-mwdc-cutlass-solar-project-in-fort-bend-county-texas-301279373.html,2021-05,low,"Advanced Power Cutlass I (ENEOS, Fuyo co-investors). Financial-close release says it will sell energy and RECs into the ERCOT market; no PPA or hedge named. A hedge may exist undisclosed.",,
59206,Alamo 6,ppa,CPS Energy,yes,2017-03,2042,1.0,https://www.bherenewables.com/alamo-6-and-pearl,2026-02,high,BHE Renewables (ERCOT SIRIUS). 25-year PPA with CPS Energy; BHE 10-K lists expiration 2042.,,
60372,Lamesa Solar,ppa,City of Garland,yes,2017-04,2032,1.0,https://www.southerncompany.com/newsroom/clean-energy/lamesa-solar-facility-in-texas-begins-commercial-operation.html,2017-04,high,Southern Power Lamesa. 15-year PPA with Garland for energy + RECs. End computed.,,
59207,OCI Alamo 7 LLC,ppa,CPS Energy,yes,2016-08,2041,1.0,https://www.ocienergy.com/announcement/2016-completed-projects/,2017,medium,OCI Alamo 7 (Con Edison Development 2017 -> RWE 2023). 25-year PPA with CPS Energy (OCI-CPS 400 MW program). End computed.,,
62415,West of the Pecos Solar,ppa,SK E&S LNG,unknown,2019-12,,0.5,https://www.rwe.com/en/press/rwe-renewables/2020-01-06-rwe-brings-west-of-pecos-solar-project-online/,2020-01-06,medium,E.ON -> RWE West of the Pecos. Long-term PPA for 50 MW with SK E&S LNG (May 2018). Term not published; other 50 MW not found.,,
62448,Lapetus,ppa,Brazos Electric Power Cooperative,no,2019-12,,,https://news.duke-energy.com/releases/7x-energy-announces-sale-of-100-mw-lapetus-solar-energy-project-to-duke-energy-renewables,2019-02,medium,Deriva (ex-Duke) Lapetus (7X). Three multiyear PPAs with Brazos Electric on behalf of CoServ and seven other member coops. Brazos filed Chapter 11 in 2021 (post-Uri); contract status after reorganisation not checked.,,
59205,OCI Alamo 5 LLC,ppa,CPS Energy,yes,2015-12,2040,1.0,https://sanantonioreport.org/new-owners-celebrate-alamo-5-largest-solar-farm-of-its-kind-in-north-america/,2015,medium,"OCI Alamo 5 (Con Edison Development 2015 -> RWE 2023), dual-axis. 25-year PPA with CPS Energy. End computed.",,
62505,G.S.E. One LLC,ppa,Digital Realty,yes,2021-09,2033,0.78,https://solarbuildermag.com/projects/patter-energy-completes-83-mwac-texas-solar-project/,2021,medium,Pattern Energy Phoenix Solar (ERCOT PHOENIX). 12-year PPA for 65 MWac with Digital Realty. End computed.,,
65521,"Longbow Solar, LLC",ppa,Unnamed distribution company,unknown,2022,,,https://www.prnewswire.com/news-releases/leyline-renewable-capital-52-million-loan-launches-texas-solar-project-301531098.html,2022-04,low,Longbow (Clean Capital Partners + Aspen Creek; Headwater operator). PPA sells most output to an unnamed 'distributing company'; part behind-the-meter.,,
62773,"BT Cooke Solar, LLC",unknown,,unknown,,,,https://adapturerenewables.com/about/news-insights/adapture-renewables-acquires-81mwp-project-from-q-cells,2021-03,low,"Rippey Solar (Q CELLS -> Adapture Renewables, financed in-house). No offtake named in acquisition releases.",,
62774,Kellam Solar,ppa,Unnamed offtaker,unknown,2020-12,2035,1.0,https://solarbuildermag.com/news/q-cells-secures-investment-for-81-mw-kellam-solar-project-in-texas/,2021-04,medium,Q CELLS Kellam (BT Kellam). Fully contracted under a 15-year busbar PPA for all energy + attributes; offtaker not named. End computed.,,
63223,Brightside,utility_owned,Vistra (Luminant / TXU Energy),unknown,,,,https://investor.vistracorp.com/2022-04-13-Vistras-Brightside-Solar-Facility-is-Now-Online,2022-04-13,medium,"Vistra Zero Brightside. Owned by integrated generator-retailer Vistra for its own retail book (self-supply, not a regulated utility).",,
61697,Lamesa II,ppa,CPS Energy,yes,2018-11,2043,1.0,https://ocisolarpower.com/2018/10/marathon-capital-announces-the-sale-of-oci-solar-powers-project-ivory-to-d-e-shaw-renewable-investments/,2018-10,medium,Project Ivory (OCI -> DESRI 2018). Built under a facility PPA with CPS Energy; 25-year term per press. End computed.,,
60682,Pearl Solar,ppa,CPS Energy,yes,2017-10,2042,1.0,https://www.bherenewables.com/alamo-6-and-pearl,2026-02,high,BHE Renewables Pearl (ERCOT SIRIUS_UNIT2). PPA with CPS Energy expiring 2042 per BHE 10-K.,,
60989,SolaireHolman Solar Project,ppa,City of Houston,yes,2017-04,2037,,https://www.engie-na.com/city_of_houston/,2017,high,ENGIE SolaireHolman. 20-year PPA with City of Houston (up to 10.5% of city load). End computed.,,
65662,Vancourt Solar Interconnections,ppa,Constellation NewEnergy,yes,2022,,,https://www.constellationenergy.com/newsroom/2021/southwire-signs-offsite-renewable-agreement-with-constellation-t.html,2021,low,Rayos del Sol extension (72 MW) supported by a Constellation agreement (Southwire offsite deal); mapping of Vancourt to the extension is inferred. Term not published.,,
58710,Barilla Solar,merchant,,,,,,https://www.energymonitor.ai/news/newsfirst-solar-completes-barilla-solar-project-in-texas-4365094/,2015,medium,"First Solar Barilla built and financed without a PPA, sold merchant into ERCOT; acquired by Leeward 2021. No later contract found.",,
60789,Bluebell Solar,ppa,Denton Municipal Electric,yes,2018-11,2038,1.0,https://pv-magazine-usa.com/2018/05/09/denton-texas-approves-100-mw-solar-power-contract/,2018-05,medium,NextEra Bluebell I (30 MW). Denton PPA; 20-year term per secondary database. End computed.,,
62932,Oberon IB,ppa,Chariot Energy,no,2020-07,,1.0,https://www.nsenergybusiness.com/news/174-power-globaloberon-solar-project/,2020-08,medium,"Oberon IB (30 MW). PPA with Chariot Energy, a 174 Power Global retail affiliate (related party). Term not published.",,
63388,Oxy Renewable Energy - Goldsmith,utility_owned,Occidental Petroleum (Oxy Low Carbon Ventures),yes,2020-05,,1.0,https://www.ogj.com/drilling-production/production-operations/article/14067939/oxy-to-use-solar-for-eor-work-in-permian-basin,2020,medium,"Oxy-owned plant directly powering Goldsmith EOR operations (industrial self-supply, not a utility). No ERCOT resource.",,
60774,Phantom Solar,ppa,U.S. Army via Defense Logistics Agency,yes,2017-04,2045,1.0,https://www.apexcleanenergy.com/news/us-army-signs-power-purchase-agreement-apex-clean-energy-hybrid-windsolar-energy-project/,2016,high,"Apex Phantom Solar at Fort Hood (Fort Cavazos), paired with Cotton Plains Wind. 28-year PPA. End computed. Current owner not checked.",,
61868,Bronson,unknown,,unknown,,,,https://www.solarpowerworldonline.com/2019/04/starbucks-cypress-creek-texas-solar/,2019-04,low,"Cypress Creek 10 MW. Possibly one of six Cypress Creek Texas farms Starbucks 'invested in' (2019, likely tax equity, not offtake); no offtaker found.",,
61875,Cascade Solar (TX),ppa,Starbucks,yes,2019,,,https://www.solarpowerworldonline.com/2019/04/starbucks-cypress-creek-texas-solar/,2019-04,medium,Cypress Creek Cascade (Wharton). Starbucks (with U.S. Bank) buys output to supply ~360 Texas stores together with Chisum; term not published.,,
61874,Eddy II,unknown,,unknown,,,,https://www.solarpowerworldonline.com/2019/04/starbucks-cypress-creek-texas-solar/,2019-04,low,Cypress Creek Eddy II (McLennan). Possibly in Starbucks-invested six-farm portfolio (tax equity); no offtaker found.,,
61532,Leon Solar,unknown,,unknown,,,,https://www.solarpowerworldonline.com/2019/04/starbucks-cypress-creek-texas-solar/,2019-04,low,Cypress Creek Leon (Hunt). Possibly in Starbucks-invested portfolio (tax equity); no offtaker found.,,
61524,Whitewright Solar,unknown,,unknown,,,,https://www.solarpowerworldonline.com/2019/04/starbucks-cypress-creek-texas-solar/,2019-04,low,Cypress Creek Whitewright (Fannin). Possibly in Starbucks-invested portfolio (tax equity); no offtaker found.,,
61810,Chisum,ppa,Starbucks,yes,2019,,,https://www.solarpowerworldonline.com/2019/04/starbucks-cypress-creek-texas-solar/,2019-04,medium,"Cypress Creek Chisum (Blossom, Lamar). Starbucks buys output with Cascade (~360 stores); term not published.",,
61867,Bovine,unknown,,unknown,,,,https://www.solarpowerworldonline.com/2019/04/starbucks-cypress-creek-texas-solar/,2019-04,low,Cypress Creek Bovine (Austin County). Possibly in Starbucks-invested portfolio (tax equity); no offtaker found.,,
61871,Sterling Solar (TX),unknown,,unknown,,,,https://www.solarpowerworldonline.com/2019/04/starbucks-cypress-creek-texas-solar/,2019-04,low,Cypress Creek Sterling (Hunt). Possibly in Starbucks-invested portfolio (tax equity); no offtaker found.,,
63027,Mars Solar,ppa,Gridmatic,no,2025,,1.0,https://www.solsystems.com/news/gridmatic-signs-10mw-ppa-with-sol-systems-serving-edge-data-center-provider-edgeconnex/,2025-06-30,medium,"Helios Infrastructure (Sol Systems + Nationwide) Mars. 10 MW PPA with Gridmatic (retail; serves EdgeConneX), term not published; at 2020 acquisition it had a PPA with NRG Power Marketing (likely superseded). Gridmatic unrated.",,
64079,CatanSolar,unknown,,unknown,,,,https://solarbuildermag.com/news/adapture-renewables-completes-the-catan-solar-project-in-runge-texas/,2021-03,low,Adapture Catan Solar (13 MWdc). Completion release names no offtaker.,,
64227,"Alexis Solar, LLC",ppa,NRG Power Marketing,no,2019-12,,,https://www.solsystems.com/news/helios-infrastructure-purchases-47-mw-texas-portfolio/,2020-09,medium,"Helios Infrastructure (Sol Systems + Nationwide) Alexis, from Cypress Creek 2020. Release: Mars, Lampwick, Alexis have PPAs with NRG Power Marketing. Term not published. NRG issuer BB+.",,
